							44" FS4">Australia
                          
                                                    
                          1515" FS15">Austria
                          
                                                    
                          2121" FS21">China
                          
                                                    
                          2222" FS22">Japan
                          
                                                    
                          2323" FS23">Japan International Cooperation Agency 
                          
                                                    
                          2424" FS24">Korea
                          
                                                    
                          2525" FS25">Korea International Cooperation Agency 
                          
                                                    
                          2626" FS26">Korea Eximbank Resident Mission / Economic Development Cooperation Fund 
                          
                                                    
                          2727" FS27">New Zealand
                          
                                                    
                          2828" FS28">Saudi Arabia
                          
                                                    
                          2929" FS29">Saudi Fund for Development
                          
                                                    
                          3131" FS31">Belgium
                          
                                                    
                          3232" FS32">Canada
                          
                                                    
                          3333" FS33">Denmark
                          
                                                    
                          3434" FS34">European Union
                          
                                                    
                          3535" FS35">European Investment Bank
                          
                                                    
                          3636" FS36">France
                          
                                                    
                          3737" FS37">French Development Agency Philippines
                          
                                                    
                          3838" FS38">Germary
                          
                                                    
                          3939" FS39">Germany Agency for International Cooperation
                          
                                                    
                          4040" FS40">German Development Bank
                          
                                                    
                          4141" FS41">Federal Ministry for Economic Cooperation and Development 
                          
                                                    
                          4242" FS42">Hungary
                          
                                                    
                          4343" FS43">Italy
                          
                                                    
                          4444" FS44">Netherlands
                          
                                                    
                          4545" FS45">Norway
                          
                                                    
                          4646" FS46">Nordic Investment Bank
                          
                                                    
                          4747" FS47">Poland
                          
                                                    
                          4848" FS48">Spain
                          
                                                    
                          4949" FS49">Agencia Espanola de Cooperation International para el Desarollo 
                          
                                                    
                          5050" FS50">Sweden / Swedish International Development Cooperation Agency 
                          
                                                    
                          5151" FS51">Switzerland
                          
                                                    
                          5252" FS52">United Kingdom
                          
                                                    
                          5353" FS53">United States
                          
                                                    
                          5454" FS54">United States Agency for International Development 
                          
                                                    
                          5555" FS55">Asian Development Bank 
                          
                                                    
                          5656" FS56">World Bank
                          
                                                    
                          5757" FS57">United Nations Coordination Office 
                          
                                                    
                          5858" FS58">Food and Agriculture Organization 
                          
                                                    
                          5959" FS59">United Nations Development Programme 
                          
                                                    
                          6060" FS60">United Nations Industrial Development Organization
                          
                                                    
                          6161" FS61">United Nations Population Fund 
                          
                                                    
                          6262" FS62">International Fund for Agricultural Development 
                          
                                                    
                          6363" FS63">International Labor Organization 
                          
                                                    
                          6464" FS64">United Nations Children&#039;s Fund 
                          
                                                    
                          6565" FS65">International Atomic Energy Agency 
                          
                                                    
                          6666" FS66">OPEC Fund for International Development 
                          
                                                    
                          6767" FS67">World Food Programme 
                          
                                                    
                          6868" FS68">World Health Organization 
                          
                                                    
                          8080" FS80">To be detemined
                          
                                                    
                          8181" FS81">Others
